,mean,std
SMA,5953.689404818717,87.83627629688523
MACD,0.33510227270192566,7.376665021336405
RSI,51.72395360373192,13.481678111786794
Close,5953.955641139756,88.74375434924946
